PRAGMA foreign_keys=OFF;
BEGIN TRANSACTION;

INSERT INTO "schedule" VALUES('BAS-KNWN','Basic','Known','Basic Known 2018');
INSERT INTO "schedule" VALUES('SPO-KNWN','Sportsman','Known','Sportsman Known 2018');
INSERT INTO "schedule" VALUES('INT-KNWN','Intermediate','Known','Intermediate Known 2018');
INSERT INTO "schedule" VALUES('ADV-KNWN','Advanced','Known','Advanced Known 2018');
INSERT INTO "schedule" VALUES('UNL-KNWN','Unlimited','Known','Unlimited Known 2018');
INSERT INTO "schedule" VALUES('SPO-ALTK','Sportsman','Known','Sportsman Alternate Known 2018');
INSERT INTO "schedule" VALUES('INT-ALTK','Intermediate','Known','Intermediate Alternate Known 2018');
INSERT INTO "schedule" VALUES('ADV-ALTK','Advanced','Known','Advanced Alternate Known 2018');
INSERT INTO "schedule" VALUES('UNL-ALTK','Unlimited','Known','Unlimited Alternate Known 2018');
INSERT INTO "schedule" VALUES('BAS-UNKN','Basic','Unknown','Basic Unknown for 2018');
INSERT INTO "schedule" VALUES('SPO-UNKN','Sportsman','Unknown','Sportsman Unknown Example');
INSERT INTO "schedule" VALUES('INT-UNKN','Intermediate','Unknown','Intermediate Unknown Example');
INSERT INTO "schedule" VALUES('ADV-UNKN','Advanced','Unknown','Advanced Unknown Example');
INSERT INTO "schedule" VALUES('UNL-UNKN','Unlimited','Unknown','Unlimited Unknown Example');
INSERT INTO "schedule" VALUES('FREE',NULL,'Freestyle','Freestyle');

INSERT INTO "figure" VALUES(1,'BAS-KNWN','Full Roll','Full Roll',NULL,1,10);
INSERT INTO "figure" VALUES(2,'BAS-KNWN','Hammerhead','Hammerhead (Stall Turn)',NULL,1,17);
INSERT INTO "figure" VALUES(3,'BAS-KNWN','Rev. Half Cuban','Reverse Half Cuban',NULL,1,16);
INSERT INTO "figure" VALUES(4,'BAS-KNWN','Loop','Loop',NULL,1,10);
INSERT INTO "figure" VALUES(5,'BAS-KNWN','LD Humpty','Lay Down Humptybump',NULL,1,16);
INSERT INTO "figure" VALUES(6,'BAS-KNWN','Rev. Teardrop','Reverse Teardrop',NULL,1,16);
INSERT INTO "figure" VALUES(7,'BAS-KNWN','360 Aero turn','360 Degree Aerobatic turn',NULL,1,6);
INSERT INTO "figure" VALUES(8,'BAS-KNWN','Humpty Bump','Humpty Bump',NULL,1,17);
INSERT INTO "figure" VALUES(9,'BAS-KNWN','Immelmann','Immelmann turn',NULL,1,10);
INSERT INTO "figure" VALUES(10,'BAS-KNWN','1 1/2 Spin','1 and 1/2 turn upright spin',NULL,1,13);
INSERT INTO "figure" VALUES(11,'BAS-KNWN','Sound','Sound',NULL,2,3);
INSERT INTO "figure" VALUES(12,'BAS-KNWN','Airspace','Airspace Control',NULL,2,3);
INSERT INTO "figure" VALUES(1,'SPO-KNWN','Half Cuban','Half Cuban 8',NULL,1,23);
INSERT INTO "figure" VALUES(2,'SPO-KNWN','Immelmann','Immelmann Turn',NULL,1,13);
INSERT INTO "figure" VALUES(3,'SPO-KNWN','1 1/2 Spin ','1 and 1/2 turn upright spin',NULL,1,13);
INSERT INTO "figure" VALUES(4,'SPO-KNWN','Sharks Tooth','Reverse Sharks Tooth',NULL,1,27);
INSERT INTO "figure" VALUES(5,'SPO-KNWN','Humpty Bump','Humpty Bump',NULL,1,29);
INSERT INTO "figure" VALUES(6,'SPO-KNWN','Rev. Half Cuban','Reverse Half Cuban 8',NULL,1,22);
INSERT INTO "figure" VALUES(7,'SPO-KNWN','Loop','Loop',NULL,1,16);
INSERT INTO "figure" VALUES(8,'SPO-KNWN','Hammerhead','Hammerhead (Stall Turn)',NULL,1,25);
INSERT INTO "figure" VALUES(9,'SPO-KNWN','Teardrop','Teardrop',NULL,1,16);
INSERT INTO "figure" VALUES(10,'SPO-KNWN','Reversing loop','Reversing Loop',NULL,1,32);
INSERT INTO "figure" VALUES(11,'SPO-KNWN','Sound','Sound',NULL,2,6);
INSERT INTO "figure" VALUES(12,'SPO-KNWN','Airspace','Airspace Control',NULL,2,6);
INSERT INTO "figure" VALUES(1,'INT-KNWN','Figure Z','Figure Z',NULL,1,23);
INSERT INTO "figure" VALUES(2,'INT-KNWN','1 3/4 Spin','1 3/4 turn upright spin',NULL,1,16);
INSERT INTO "figure" VALUES(3,'INT-KNWN','Rev. Half Cuban','Reverse Half Cuban',NULL,1,39);
INSERT INTO "figure" VALUES(4,'INT-KNWN','Loop','Loop',NULL,1,26);
INSERT INTO "figure" VALUES(5,'INT-KNWN','Hammerhead','Hammerhead (Stall Turn)',NULL,1,36);
INSERT INTO "figure" VALUES(6,'INT-KNWN','Humpty Bump','Humpty Bump',NULL,1,33);
INSERT INTO "figure" VALUES(7,'INT-KNWN','Sharks Tooth','Reverse Sharks Tooth',NULL,1,38);
INSERT INTO "figure" VALUES(8,'INT-KNWN','Immelmann','Immelmann turn',NULL,1,34);
INSERT INTO "figure" VALUES(9,'INT-KNWN','Downline','Vertical Downline',NULL,1,12);
INSERT INTO "figure" VALUES(10,'INT-KNWN','90 deg. Roller','90 degree inside roller',NULL,1,14);
INSERT INTO "figure" VALUES(11,'INT-KNWN','Sound','Sound',NULL,2,9);
INSERT INTO "figure" VALUES(12,'INT-KNWN','Airspace','Airspace Control',NULL,2,9);
INSERT INTO "figure" VALUES(1,'ADV-KNWN','Cuban 8','Cuban 8',NULL,1,57);
INSERT INTO "figure" VALUES(2,'ADV-KNWN','Downline','Vertical Downline',NULL,1,18);
INSERT INTO "figure" VALUES(3,'ADV-KNWN','Hammerhead','Hammerhead (Stall Turn)',NULL,1,50);
INSERT INTO "figure" VALUES(4,'ADV-KNWN','270 deg. Roller','270 degree 3 turn inside roller',NULL,1,31);
INSERT INTO "figure" VALUES(5,'ADV-KNWN','Humpty Bump','Humpty Bump',NULL,1,50);
INSERT INTO "figure" VALUES(6,'ADV-KNWN','Immelmann','Immelmann turn',NULL,1,36);
INSERT INTO "figure" VALUES(7,'ADV-KNWN','Down Loop','Down Loop',NULL,1,17);
INSERT INTO "figure" VALUES(8,'ADV-KNWN','1 1/4 neg. Spin','1 1/4 negative spin',NULL,1,21);
INSERT INTO "figure" VALUES(9,'ADV-KNWN','Bow Tie','Bow Tie',NULL,1,46);
INSERT INTO "figure" VALUES(10,'ADV-KNWN','Reversing Loop','Reversing Loop',NULL,1,40);
INSERT INTO "figure" VALUES(11,'ADV-KNWN','Sound','Sound',NULL,2,12);
INSERT INTO "figure" VALUES(12,'ADV-KNWN','Airspace','Airspace Control',NULL,2,12);
INSERT INTO "figure" VALUES(1,'UNL-KNWN','Sharks Tooth','Reverse Sharks Tooth',NULL,1,48);
INSERT INTO "figure" VALUES(2,'UNL-KNWN','Reverse Half Cuban','Reverse Half Cuban 8',NULL,1,48);
INSERT INTO "figure" VALUES(3,'UNL-KNWN','Laydown Humpty','Laydown Humpty Bump',NULL,1,51);
INSERT INTO "figure" VALUES(4,'UNL-KNWN','Hammerhead','Hammerhead (Stall Turn)',NULL,1,57);
INSERT INTO "figure" VALUES(5,'UNL-KNWN','Roller','Inverted 360 deg 3 turn inside roller',NULL,1,45);
INSERT INTO "figure" VALUES(6,'UNL-KNWN','Double Humpty','Up / Down Humpty Bump',NULL,1,69);
INSERT INTO "figure" VALUES(7,'UNL-KNWN','Down Loop','Down Loop',NULL,1,27);
INSERT INTO "figure" VALUES(8,'UNL-KNWN','Inverted P','Inverted figure P',NULL,1,47);
INSERT INTO "figure" VALUES(9,'UNL-KNWN','1 1/4 Spin','1 1/4 turn negative spin',NULL,1,22);
INSERT INTO "figure" VALUES(10,'UNL-KNWN','Laydown P','Laydown figure P',NULL,1,48);
INSERT INTO "figure" VALUES(11,'UNL-KNWN','Sound','Sound',NULL,2,15);
INSERT INTO "figure" VALUES(12,'UNL-KNWN','Airspace','Airspace Control',NULL,2,15);
INSERT INTO "figure" VALUES(1,'BAS-UNKN','Full Roll','Full Roll',NULL,1,10);
INSERT INTO "figure" VALUES(2,'BAS-UNKN','Hammerhead','Hammerhead (Stall Turn)',NULL,1,17);
INSERT INTO "figure" VALUES(3,'BAS-UNKN','Rev. Half Cuban','Reverse Half Cuban',NULL,1,16);
INSERT INTO "figure" VALUES(4,'BAS-UNKN','Loop','Loop',NULL,1,10);
INSERT INTO "figure" VALUES(5,'BAS-UNKN','LD Humpty','Lay Down Humptybump',NULL,1,16);
INSERT INTO "figure" VALUES(6,'BAS-UNKN','Rev. Teardrop','Reverse Teardrop',NULL,1,16);
INSERT INTO "figure" VALUES(7,'BAS-UNKN','360 Aero turn','360 Degree Aerobatic turn',NULL,1,6);
INSERT INTO "figure" VALUES(8,'BAS-UNKN','Humpty Bump','Humpty Bump',NULL,1,17);
INSERT INTO "figure" VALUES(9,'BAS-UNKN','Immelmann','Immelmann turn',NULL,1,10);
INSERT INTO "figure" VALUES(10,'BAS-UNKN','1 1/2 Spin','1 and 1/2 turn upright spin',NULL,1,13);
INSERT INTO "figure" VALUES(11,'BAS-UNKN','Sound','Sound',NULL,2,3);
INSERT INTO "figure" VALUES(12,'BAS-UNKN','Airspace','Airspace Control',NULL,2,3);

INSERT INTO "state" VALUES('flightLineId','1');
INSERT INTO "state" VALUES('flightLineName','Local Test');
INSERT INTO "state" VALUES('flightLineUrl','http://imac.lan/data.php');

COMMIT;
