PRAGMA foreign_keys=OFF;
BEGIN TRANSACTION;
DELETE FROM sqlite_sequence;
DELETE FROM user;
DELETE FROM score;
DELETE FROM sheet;
DELETE FROM flight;
DELETE FROM round;
DELETE FROM nextFlight;
DELETE FROM pilot;
DELETE FROM state;
DELETE FROM figure;
DELETE FROM schedule;

INSERT INTO "user" VALUES('admin','Compition Director','@@CDAccess4Me@@','', 'ADMIN,JUDGE');
INSERT INTO "user" VALUES('judge','Judge','@@JudgePass@@','', 'JUDGE');

INSERT INTO "schedule" VALUES('BAS-KNWN','Basic','Known','Basic Known 2018');
INSERT INTO "schedule" VALUES('SPO-KNWN','Sportsman','Known','Sportsman Known 2018');
INSERT INTO "schedule" VALUES('INT-KNWN','Intermediate','Known','Intermediate Known 2018');
INSERT INTO "schedule" VALUES('ADV-KNWN','Advanced','Known','Advanced Known 2018');
INSERT INTO "schedule" VALUES('UNL-KNWN','Unlimited','Known','Unlimited Known 2018');
INSERT INTO "schedule" VALUES('SPO-ALTK','Sportsman','Known','Sportsman Alternate Known 2018');
INSERT INTO "schedule" VALUES('INT-ALTK','Intermediate','Known','Intermediate Alternate Known 2018');
INSERT INTO "schedule" VALUES('ADV-ALTK','Advanced','Known','Advanced Alternate Known 2018');
INSERT INTO "schedule" VALUES('UNL-ALTK','Unlimited','Known','Unlimited Alternate Known 2018');
INSERT INTO "schedule" VALUES('BAS-UNKN','Basic','Unknown','Basic Unknown for 2018');
INSERT INTO "schedule" VALUES('SPO-UNKN','Sportsman','Unknown','Sportsman Unknown Example');
INSERT INTO "schedule" VALUES('INT-UNKN','Intermediate','Unknown','Intermediate Unknown Example');
INSERT INTO "schedule" VALUES('ADV-UNKN','Advanced','Unknown','Advanced Unknown Example');
INSERT INTO "schedule" VALUES('UNL-UNKN','Unlimited','Unknown','Unlimited Unknown Example');
INSERT INTO "schedule" VALUES('FREE',NULL,'Freestyle','Freestyle');

INSERT INTO "figure" VALUES(1,'BAS-KNWN','Full Roll','Full Roll',NULL,1,10);
INSERT INTO "figure" VALUES(2,'BAS-KNWN','Hammerhead','Hammerhead (Stall Turn)',NULL,1,17);
INSERT INTO "figure" VALUES(3,'BAS-KNWN','Rev. Half Cuban','Reverse Half Cuban',NULL,1,16);
INSERT INTO "figure" VALUES(4,'BAS-KNWN','Loop','Loop',NULL,1,10);
INSERT INTO "figure" VALUES(5,'BAS-KNWN','LD Humpty','Lay Down Humptybump',NULL,1,16);
INSERT INTO "figure" VALUES(6,'BAS-KNWN','Rev. Teardrop','Reverse Teardrop',NULL,1,16);
INSERT INTO "figure" VALUES(7,'BAS-KNWN','360 Aero turn','360 Degree Aerobatic turn',NULL,1,6);
INSERT INTO "figure" VALUES(8,'BAS-KNWN','Humpty Bump','Humpty Bump',NULL,1,17);
INSERT INTO "figure" VALUES(9,'BAS-KNWN','Immelmann','Immelmann turn',NULL,1,10);
INSERT INTO "figure" VALUES(10,'BAS-KNWN','1 1/2 Spin','1 and 1/2 turn upright spin',NULL,1,13);
INSERT INTO "figure" VALUES(11,'BAS-KNWN','Sound','Sound',NULL,2,3);
INSERT INTO "figure" VALUES(12,'BAS-KNWN','Airspace','Airspace Control',NULL,2,3);
INSERT INTO "figure" VALUES(1,'SPO-KNWN','Half Cuban','Half Cuban 8',NULL,1,23);
INSERT INTO "figure" VALUES(2,'SPO-KNWN','Immelmann','Immelmann Turn',NULL,1,13);
INSERT INTO "figure" VALUES(3,'SPO-KNWN','1 1/2 Spin ','1 and 1/2 turn upright spin',NULL,1,13);
INSERT INTO "figure" VALUES(4,'SPO-KNWN','Sharks Tooth','Reverse Sharks Tooth',NULL,1,27);
INSERT INTO "figure" VALUES(5,'SPO-KNWN','Humpty Bump','Humpty Bump',NULL,1,29);
INSERT INTO "figure" VALUES(6,'SPO-KNWN','Rev. Half Cuban','Reverse Half Cuban 8',NULL,1,22);
INSERT INTO "figure" VALUES(7,'SPO-KNWN','Loop','Loop',NULL,1,16);
INSERT INTO "figure" VALUES(8,'SPO-KNWN','Hammerhead','Hammerhead (Stall Turn)',NULL,1,25);
INSERT INTO "figure" VALUES(9,'SPO-KNWN','Teardrop','Teardrop',NULL,1,16);
INSERT INTO "figure" VALUES(10,'SPO-KNWN','Reversing loop','Reversing Loop',NULL,1,32);
INSERT INTO "figure" VALUES(11,'SPO-KNWN','Sound','Sound',NULL,2,6);
INSERT INTO "figure" VALUES(12,'SPO-KNWN','Airspace','Airspace Control',NULL,2,6);
INSERT INTO "figure" VALUES(1,'INT-KNWN','Figure Z','Figure Z',NULL,1,23);
INSERT INTO "figure" VALUES(2,'INT-KNWN','1 3/4 Spin','1 3/4 turn upright spin',NULL,1,16);
INSERT INTO "figure" VALUES(3,'INT-KNWN','Rev. Half Cuban','Reverse Half Cuban',NULL,1,39);
INSERT INTO "figure" VALUES(4,'INT-KNWN','Loop','Loop',NULL,1,26);
INSERT INTO "figure" VALUES(5,'INT-KNWN','Hammerhead','Hammerhead (Stall Turn)',NULL,1,36);
INSERT INTO "figure" VALUES(6,'INT-KNWN','Humpty Bump','Humpty Bump',NULL,1,33);
INSERT INTO "figure" VALUES(7,'INT-KNWN','Sharks Tooth','Reverse Sharks Tooth',NULL,1,38);
INSERT INTO "figure" VALUES(8,'INT-KNWN','Immelmann','Immelmann turn',NULL,1,34);
INSERT INTO "figure" VALUES(9,'INT-KNWN','Downline','Vertical Downline',NULL,1,12);
INSERT INTO "figure" VALUES(10,'INT-KNWN','90 deg. Roller','90 degree inside roller',NULL,1,14);
INSERT INTO "figure" VALUES(11,'INT-KNWN','Sound','Sound',NULL,2,9);
INSERT INTO "figure" VALUES(12,'INT-KNWN','Airspace','Airspace Control',NULL,2,9);
INSERT INTO "figure" VALUES(1,'ADV-KNWN','Cuban 8','Cuban 8',NULL,1,57);
INSERT INTO "figure" VALUES(2,'ADV-KNWN','Downline','Vertical Downline',NULL,1,18);
INSERT INTO "figure" VALUES(3,'ADV-KNWN','Hammerhead','Hammerhead (Stall Turn)',NULL,1,50);
INSERT INTO "figure" VALUES(4,'ADV-KNWN','270 deg. Roller','270 degree 3 turn inside roller',NULL,1,31);
INSERT INTO "figure" VALUES(5,'ADV-KNWN','Humpty Bump','Humpty Bump',NULL,1,50);
INSERT INTO "figure" VALUES(6,'ADV-KNWN','Immelmann','Immelmann turn',NULL,1,36);
INSERT INTO "figure" VALUES(7,'ADV-KNWN','Down Loop','Down Loop',NULL,1,17);
INSERT INTO "figure" VALUES(8,'ADV-KNWN','1 1/4 neg. Spin','1 1/4 negative spin',NULL,1,21);
INSERT INTO "figure" VALUES(9,'ADV-KNWN','Bow Tie','Bow Tie',NULL,1,46);
INSERT INTO "figure" VALUES(10,'ADV-KNWN','Reversing Loop','Reversing Loop',NULL,1,40);
INSERT INTO "figure" VALUES(11,'ADV-KNWN','Sound','Sound',NULL,2,12);
INSERT INTO "figure" VALUES(12,'ADV-KNWN','Airspace','Airspace Control',NULL,2,12);
INSERT INTO "figure" VALUES(1,'UNL-KNWN','Sharks Tooth','Reverse Sharks Tooth',NULL,1,48);
INSERT INTO "figure" VALUES(2,'UNL-KNWN','Reverse Half Cuban','Reverse Half Cuban 8',NULL,1,48);
INSERT INTO "figure" VALUES(3,'UNL-KNWN','Laydown Humpty','Laydown Humpty Bump',NULL,1,51);
INSERT INTO "figure" VALUES(4,'UNL-KNWN','Hammerhead','Hammerhead (Stall Turn)',NULL,1,57);
INSERT INTO "figure" VALUES(5,'UNL-KNWN','Roller','Inverted 360 deg 3 turn inside roller',NULL,1,45);
INSERT INTO "figure" VALUES(6,'UNL-KNWN','Double Humpty','Up / Down Humpty Bump',NULL,1,69);
INSERT INTO "figure" VALUES(7,'UNL-KNWN','Down Loop','Down Loop',NULL,1,27);
INSERT INTO "figure" VALUES(8,'UNL-KNWN','Inverted P','Inverted figure P',NULL,1,47);
INSERT INTO "figure" VALUES(9,'UNL-KNWN','1 1/4 Spin','1 1/4 turn negative spin',NULL,1,22);
INSERT INTO "figure" VALUES(10,'UNL-KNWN','Laydown P','Laydown figure P',NULL,1,48);
INSERT INTO "figure" VALUES(11,'UNL-KNWN','Sound','Sound',NULL,2,15);
INSERT INTO "figure" VALUES(12,'UNL-KNWN','Airspace','Airspace Control',NULL,2,15);
INSERT INTO "figure" VALUES(1,'BAS-UNKN','Full Roll','Full Roll',NULL,1,10);
INSERT INTO "figure" VALUES(2,'BAS-UNKN','Hammerhead','Hammerhead (Stall Turn)',NULL,1,17);
INSERT INTO "figure" VALUES(3,'BAS-UNKN','Rev. Half Cuban','Reverse Half Cuban',NULL,1,16);
INSERT INTO "figure" VALUES(4,'BAS-UNKN','Loop','Loop',NULL,1,10);
INSERT INTO "figure" VALUES(5,'BAS-UNKN','LD Humpty','Lay Down Humptybump',NULL,1,16);
INSERT INTO "figure" VALUES(6,'BAS-UNKN','Rev. Teardrop','Reverse Teardrop',NULL,1,16);
INSERT INTO "figure" VALUES(7,'BAS-UNKN','360 Aero turn','360 Degree Aerobatic turn',NULL,1,6);
INSERT INTO "figure" VALUES(8,'BAS-UNKN','Humpty Bump','Humpty Bump',NULL,1,17);
INSERT INTO "figure" VALUES(9,'BAS-UNKN','Immelmann','Immelmann turn',NULL,1,10);
INSERT INTO "figure" VALUES(10,'BAS-UNKN','1 1/2 Spin','1 and 1/2 turn upright spin',NULL,1,13);
INSERT INTO "figure" VALUES(11,'BAS-UNKN','Sound','Sound',NULL,2,3);
INSERT INTO "figure" VALUES(12,'BAS-UNKN','Airspace','Airspace Control',NULL,2,3);

INSERT INTO "state" VALUES('flightLineId','1');
INSERT INTO "state" VALUES('flightLineName','Test');
INSERT INTO "state" VALUES('flightLineUrl','http://flightline1.lan/data.php');

INSERT INTO "pilot" VALUES(1,1622,-1,'Chris Stuart','Extra 260 3m DA 170',0,'Intermediate',0,0,1);
INSERT INTO "pilot" VALUES(2,1379,-1,'clifford altus','Sukhoi ',0,'Intermediate',0,0,1);
INSERT INTO "pilot" VALUES(3,2104,-1,'Dave Stuart',' ',0,'Sportsman',0,0,1);
INSERT INTO "pilot" VALUES(4,1883,-1,'David Murdock','Yak 54 50cc Sbach 342 100cc',0,'Sportsman',0,0,1);
INSERT INTO "pilot" VALUES(5,2213,-1,'Dean Allison','CARF Super Extra ',0,'Intermediate',0,0,1);
INSERT INTO "pilot" VALUES(6,922,-1,'john macleod','yak 54 ',0,'Intermediate',0,0,1);
INSERT INTO "pilot" VALUES(7,100,-1,'Peter Bryner','YAK-55SP 3M IMAC7131',0,'Unlimited',0,0,1);
INSERT INTO "pilot" VALUES(8,534,-1,'Robert Chitty','Composite ARF Supa Extra 330L',0,'Sportsman',0,0,1);
INSERT INTO "pilot" VALUES(9,1975,-1,'Steve Maitland','Sukhoi ',0,'Unlimited',0,0,1);

INSERT INTO "flight" VALUES(2,1,2,1);
INSERT INTO "flight" VALUES(3,1,3,1);
INSERT INTO "flight" VALUES(5,2,2,2);
INSERT INTO "flight" VALUES(6,2,3,2);
INSERT INTO "flight" VALUES(8,3,5,1);
INSERT INTO "flight" VALUES(9,3,6,1);
INSERT INTO "flight" VALUES(11,4,8,1);
INSERT INTO "flight" VALUES(12,4,9,1);
INSERT INTO "flight" VALUES(19,1,10,1);
INSERT INTO "flight" VALUES(20,2,10,2);
INSERT INTO "flight" VALUES(21,3,11,1);
INSERT INTO "flight" VALUES(22,4,12,1);

INSERT INTO "round" VALUES(2,1,'Sportsman','Known',1,NULL,'SPO-KNWN',2,'D',NULL,1539374987,1539376508);
INSERT INTO "round" VALUES(3,1,'Intermediate','Known',1,NULL,'INT-KNWN',2,'U',NULL,NULL,NULL);
INSERT INTO "round" VALUES(5,1,'Sportsman','Known',2,NULL,'SPO-KNWN',1,'D',NULL,1539376515,1539377544);
INSERT INTO "round" VALUES(6,1,'Intermediate','Known',2,NULL,'INT-KNWN',1,'U',NULL,NULL,NULL);
INSERT INTO "round" VALUES(8,1,'Sportsman','Unknown',1,NULL,'SPO-UNKN',1,'D',NULL,1539393432,1539394158);
INSERT INTO "round" VALUES(9,1,'Intermediate','Unknown',1,NULL,'INT-UNKN',1,'U',NULL,NULL,NULL);
INSERT INTO "round" VALUES(10,1,'Unlimited','Known',1,NULL,'UNL-KNWN',2,'D',NULL,1539396999,1539397945);
INSERT INTO "round" VALUES(11,1,'Unlimited','Known',2,NULL,'UNL-KNWN',1,'U',NULL,NULL,NULL);
INSERT INTO "round" VALUES(12,1,'Unlimited','Unknown',1,NULL,'UNL-UNKN',1,'U',NULL,NULL,NULL);

INSERT INTO "nextFlight" VALUES(1,5,9);

INSERT INTO "score" VALUES(12,1,1539375210,0,3,NULL);
INSERT INTO "score" VALUES(12,2,1539375210,0,3,NULL);
INSERT INTO "score" VALUES(12,3,1539375210,0,6,NULL);
INSERT INTO "score" VALUES(12,4,1539375210,0,7,NULL);
INSERT INTO "score" VALUES(12,5,1539375210,0,4.5,NULL);
INSERT INTO "score" VALUES(12,6,1539375210,0,5,NULL);
INSERT INTO "score" VALUES(12,7,1539375210,0,5,NULL);
INSERT INTO "score" VALUES(12,8,1539375210,0,6.5,NULL);
INSERT INTO "score" VALUES(12,9,1539375210,0,4,NULL);
INSERT INTO "score" VALUES(12,10,1539375210,0,3.5,NULL);
INSERT INTO "score" VALUES(12,11,1539375210,0,7,NULL);
INSERT INTO "score" VALUES(12,12,1539375210,0,4,NULL);
INSERT INTO "score" VALUES(13,1,1539375211,0,4.5,NULL);
INSERT INTO "score" VALUES(13,2,1539375211,0,4.5,NULL);
INSERT INTO "score" VALUES(13,3,1539375211,0,8,NULL);
INSERT INTO "score" VALUES(13,4,1539375211,0,5,NULL);
INSERT INTO "score" VALUES(13,5,1539375211,0,4.5,NULL);
INSERT INTO "score" VALUES(13,6,1539375211,0,5.5,NULL);
INSERT INTO "score" VALUES(13,7,1539375211,0,7,NULL);
INSERT INTO "score" VALUES(13,8,1539375211,0,7,NULL);
INSERT INTO "score" VALUES(13,9,1539375211,0,8,NULL);
INSERT INTO "score" VALUES(13,10,1539375211,0,5,NULL);
INSERT INTO "score" VALUES(13,11,1539375211,0,9,NULL);
INSERT INTO "score" VALUES(13,12,1539375211,0,5,NULL);
INSERT INTO "score" VALUES(15,1,1539375549,0,5.5,NULL);
INSERT INTO "score" VALUES(15,2,1539375549,0,6.5,NULL);
INSERT INTO "score" VALUES(15,3,1539375549,0,6.5,NULL);
INSERT INTO "score" VALUES(15,4,1539375549,0,4.5,NULL);
INSERT INTO "score" VALUES(15,5,1539375549,0,7,NULL);
INSERT INTO "score" VALUES(15,6,1539375549,0,5.5,NULL);
INSERT INTO "score" VALUES(15,7,1539375549,0,7.5,NULL);
INSERT INTO "score" VALUES(15,8,1539375549,0,5.5,NULL);
INSERT INTO "score" VALUES(15,9,1539375549,0,8.5,NULL);
INSERT INTO "score" VALUES(15,10,1539375549,0,0,NULL);
INSERT INTO "score" VALUES(15,11,1539375549,0,9,NULL);
INSERT INTO "score" VALUES(15,12,1539375549,0,5,NULL);
INSERT INTO "score" VALUES(14,1,1539375604,0,6.5,NULL);
INSERT INTO "score" VALUES(14,2,1539375604,0,6.5,NULL);
INSERT INTO "score" VALUES(14,3,1539375604,0,7.5,NULL);
INSERT INTO "score" VALUES(14,4,1539375604,0,6.5,NULL);
INSERT INTO "score" VALUES(14,5,1539375604,0,4.5,NULL);
INSERT INTO "score" VALUES(14,6,1539375604,0,6.5,NULL);
INSERT INTO "score" VALUES(14,7,1539375604,0,4.5,NULL);
INSERT INTO "score" VALUES(14,8,1539375604,0,6.5,NULL);
INSERT INTO "score" VALUES(14,9,1539375604,0,6.5,NULL);
INSERT INTO "score" VALUES(14,10,1539375604,0,6,NULL);
INSERT INTO "score" VALUES(14,11,1539375604,0,7,NULL);
INSERT INTO "score" VALUES(14,12,1539375604,0,5,NULL);
INSERT INTO "score" VALUES(16,1,1539375776,0,7.5,NULL);
INSERT INTO "score" VALUES(16,2,1539375776,0,7,NULL);
INSERT INTO "score" VALUES(16,3,1539375776,0,7,NULL);
INSERT INTO "score" VALUES(16,4,1539375776,0,5,NULL);
INSERT INTO "score" VALUES(16,5,1539375776,0,4,NULL);
INSERT INTO "score" VALUES(16,6,1539375776,0,6,NULL);
INSERT INTO "score" VALUES(16,7,1539375776,0,5.5,NULL);
INSERT INTO "score" VALUES(16,8,1539375776,0,5,NULL);
INSERT INTO "score" VALUES(16,9,1539375776,0,7,NULL);
INSERT INTO "score" VALUES(16,10,1539375776,0,5,NULL);
INSERT INTO "score" VALUES(16,11,1539375776,0,7,NULL);
INSERT INTO "score" VALUES(16,12,1539375776,0,5,NULL);
INSERT INTO "score" VALUES(17,1,1539375777,0,8,NULL);
INSERT INTO "score" VALUES(17,2,1539375777,0,7.5,NULL);
INSERT INTO "score" VALUES(17,3,1539375777,0,7.5,NULL);
INSERT INTO "score" VALUES(17,4,1539375777,0,5,NULL);
INSERT INTO "score" VALUES(17,5,1539375777,0,8,NULL);
INSERT INTO "score" VALUES(17,6,1539375777,0,6.5,NULL);
INSERT INTO "score" VALUES(17,7,1539375777,0,6,NULL);
INSERT INTO "score" VALUES(17,8,1539375777,0,7,NULL);
INSERT INTO "score" VALUES(17,9,1539375777,0,7,NULL);
INSERT INTO "score" VALUES(17,10,1539375777,0,7,NULL);
INSERT INTO "score" VALUES(17,11,1539375777,0,7,NULL);
INSERT INTO "score" VALUES(17,12,1539375777,0,6,NULL);
INSERT INTO "score" VALUES(18,1,1539375974,0,7,NULL);
INSERT INTO "score" VALUES(18,2,1539375974,0,0,NULL);
INSERT INTO "score" VALUES(18,3,1539375974,0,7,NULL);
INSERT INTO "score" VALUES(18,4,1539375974,0,4,NULL);
INSERT INTO "score" VALUES(18,5,1539375974,0,0,NULL);
INSERT INTO "score" VALUES(18,6,1539375974,0,6,NULL);
INSERT INTO "score" VALUES(18,7,1539375974,0,3.5,NULL);
INSERT INTO "score" VALUES(18,8,1539375974,0,4,NULL);
INSERT INTO "score" VALUES(18,9,1539375974,0,8,NULL);
INSERT INTO "score" VALUES(18,10,1539375974,0,4,NULL);
INSERT INTO "score" VALUES(18,11,1539375974,0,7,NULL);
INSERT INTO "score" VALUES(18,12,1539375974,0,4,NULL);
INSERT INTO "score" VALUES(19,1,1539375975,0,7.5,NULL);
INSERT INTO "score" VALUES(19,2,1539375975,0,0,NULL);
INSERT INTO "score" VALUES(19,3,1539375975,0,7,NULL);
INSERT INTO "score" VALUES(19,4,1539375975,0,6.5,NULL);
INSERT INTO "score" VALUES(19,5,1539375975,0,0,NULL);
INSERT INTO "score" VALUES(19,6,1539375975,0,7.5,NULL);
INSERT INTO "score" VALUES(19,7,1539375975,0,4,NULL);
INSERT INTO "score" VALUES(19,8,1539375975,0,7,NULL);
INSERT INTO "score" VALUES(19,9,1539375975,0,8.5,NULL);
INSERT INTO "score" VALUES(19,10,1539375975,0,5.5,NULL);
INSERT INTO "score" VALUES(19,11,1539375975,0,7,NULL);
INSERT INTO "score" VALUES(19,12,1539375975,0,7,NULL);
INSERT INTO "score" VALUES(20,1,1539376278,0,7,NULL);
INSERT INTO "score" VALUES(20,2,1539376278,0,7,NULL);
INSERT INTO "score" VALUES(20,3,1539376278,0,8,NULL);
INSERT INTO "score" VALUES(20,4,1539376278,0,7.5,NULL);
INSERT INTO "score" VALUES(20,5,1539376278,0,6,NULL);
INSERT INTO "score" VALUES(20,6,1539376278,0,8,NULL);
INSERT INTO "score" VALUES(20,7,1539376278,0,6,NULL);
INSERT INTO "score" VALUES(20,8,1539376278,0,4.5,NULL);
INSERT INTO "score" VALUES(20,9,1539376278,0,6,NULL);
INSERT INTO "score" VALUES(20,10,1539376278,0,3.5,NULL);
INSERT INTO "score" VALUES(20,11,1539376278,0,7,NULL);
INSERT INTO "score" VALUES(20,12,1539376278,0,6,NULL);
INSERT INTO "score" VALUES(21,1,1539376287,0,8,NULL);
INSERT INTO "score" VALUES(21,2,1539376287,0,8.5,NULL);
INSERT INTO "score" VALUES(21,3,1539376287,0,7.5,NULL);
INSERT INTO "score" VALUES(21,4,1539376287,0,6.5,NULL);
INSERT INTO "score" VALUES(21,5,1539376287,0,4.5,NULL);
INSERT INTO "score" VALUES(21,6,1539376287,0,6,NULL);
INSERT INTO "score" VALUES(21,7,1539376287,0,4.5,NULL);
INSERT INTO "score" VALUES(21,8,1539376287,0,6.5,NULL);
INSERT INTO "score" VALUES(21,9,1539376287,0,8.5,NULL);
INSERT INTO "score" VALUES(21,10,1539376287,0,4,NULL);
INSERT INTO "score" VALUES(21,11,1539376287,0,7,NULL);
INSERT INTO "score" VALUES(21,12,1539376287,0,5,NULL);
INSERT INTO "score" VALUES(23,1,1539376478,0,6.5,NULL);
INSERT INTO "score" VALUES(23,2,1539376478,0,8.5,NULL);
INSERT INTO "score" VALUES(23,3,1539376478,0,0,NULL);
INSERT INTO "score" VALUES(23,4,1539376478,0,4.5,NULL);
INSERT INTO "score" VALUES(23,5,1539376478,0,4.5,NULL);
INSERT INTO "score" VALUES(23,6,1539376478,0,0,NULL);
INSERT INTO "score" VALUES(23,7,1539376478,0,7.5,NULL);
INSERT INTO "score" VALUES(23,8,1539376478,0,7.5,NULL);
INSERT INTO "score" VALUES(23,9,1539376478,0,4.5,NULL);
INSERT INTO "score" VALUES(23,10,1539376478,0,0,NULL);
INSERT INTO "score" VALUES(23,11,1539376478,0,7,NULL);
INSERT INTO "score" VALUES(23,12,1539376478,0,5,NULL);
INSERT INTO "score" VALUES(22,1,1539376481,0,7.5,NULL);
INSERT INTO "score" VALUES(22,2,1539376481,0,7.5,NULL);
INSERT INTO "score" VALUES(22,3,1539376481,0,5.5,NULL);
INSERT INTO "score" VALUES(22,4,1539376481,0,5,NULL);
INSERT INTO "score" VALUES(22,5,1539376481,0,3.5,NULL);
INSERT INTO "score" VALUES(22,6,1539376481,0,3,NULL);
INSERT INTO "score" VALUES(22,7,1539376481,0,6,NULL);
INSERT INTO "score" VALUES(22,8,1539376481,0,6.5,NULL);
INSERT INTO "score" VALUES(22,9,1539376481,0,7,NULL);
INSERT INTO "score" VALUES(22,10,1539376481,0,3,NULL);
INSERT INTO "score" VALUES(22,11,1539376481,0,7,NULL);
INSERT INTO "score" VALUES(22,12,1539376481,0,5,NULL);
INSERT INTO "score" VALUES(25,1,1539376650,0,7,NULL);
INSERT INTO "score" VALUES(25,2,1539376650,0,8,NULL);
INSERT INTO "score" VALUES(25,3,1539376650,0,4,NULL);
INSERT INTO "score" VALUES(25,4,1539376650,0,7.5,NULL);
INSERT INTO "score" VALUES(25,5,1539376650,0,0,NULL);
INSERT INTO "score" VALUES(25,6,1539376650,0,0,NULL);
INSERT INTO "score" VALUES(25,7,1539376650,0,6.5,NULL);
INSERT INTO "score" VALUES(25,8,1539376650,0,6.5,NULL);
INSERT INTO "score" VALUES(25,9,1539376650,0,4,NULL);
INSERT INTO "score" VALUES(25,10,1539376650,0,6,NULL);
INSERT INTO "score" VALUES(25,11,1539376650,0,8,NULL);
INSERT INTO "score" VALUES(25,12,1539376650,0,6,NULL);
INSERT INTO "score" VALUES(24,1,1539376652,0,7,NULL);
INSERT INTO "score" VALUES(24,2,1539376652,0,6.5,NULL);
INSERT INTO "score" VALUES(24,3,1539376652,0,5.5,NULL);
INSERT INTO "score" VALUES(24,4,1539376652,0,5.5,NULL);
INSERT INTO "score" VALUES(24,5,1539376652,0,0,NULL);
INSERT INTO "score" VALUES(24,6,1539376652,0,0,NULL);
INSERT INTO "score" VALUES(24,7,1539376652,0,6,NULL);
INSERT INTO "score" VALUES(24,8,1539376652,0,4.5,NULL);
INSERT INTO "score" VALUES(24,9,1539376652,0,6.5,NULL);
INSERT INTO "score" VALUES(24,10,1539376652,0,5,NULL);
INSERT INTO "score" VALUES(24,11,1539376652,0,8,NULL);
INSERT INTO "score" VALUES(24,12,1539376652,0,6,NULL);
INSERT INTO "score" VALUES(26,1,1539377392,0,5.5,NULL);
INSERT INTO "score" VALUES(26,2,1539377392,0,7,NULL);
INSERT INTO "score" VALUES(26,3,1539377392,0,6,NULL);
INSERT INTO "score" VALUES(26,4,1539377392,0,5,NULL);
INSERT INTO "score" VALUES(26,5,1539377392,0,0,NULL);
INSERT INTO "score" VALUES(26,6,1539377392,0,6,NULL);
INSERT INTO "score" VALUES(26,7,1539377392,0,5,NULL);
INSERT INTO "score" VALUES(26,8,1539377392,0,3,NULL);
INSERT INTO "score" VALUES(26,9,1539377392,0,6,NULL);
INSERT INTO "score" VALUES(26,10,1539377392,0,4,NULL);
INSERT INTO "score" VALUES(26,11,1539377392,0,6,NULL);
INSERT INTO "score" VALUES(26,12,1539377392,0,6,NULL);
INSERT INTO "score" VALUES(27,1,1539377394,0,3.5,NULL);
INSERT INTO "score" VALUES(27,2,1539377394,0,5.5,NULL);
INSERT INTO "score" VALUES(27,3,1539377394,0,4.5,NULL);
INSERT INTO "score" VALUES(27,4,1539377394,0,0,NULL);
INSERT INTO "score" VALUES(27,5,1539377394,0,5.5,NULL);
INSERT INTO "score" VALUES(27,6,1539377394,0,5.5,NULL);
INSERT INTO "score" VALUES(27,7,1539377394,0,7,NULL);
INSERT INTO "score" VALUES(27,8,1539377394,0,5,NULL);
INSERT INTO "score" VALUES(27,9,1539377394,0,3.5,NULL);
INSERT INTO "score" VALUES(27,10,1539377394,0,4,NULL);
INSERT INTO "score" VALUES(27,11,1539377394,0,7,NULL);
INSERT INTO "score" VALUES(27,12,1539377394,0,5,NULL);
INSERT INTO "score" VALUES(28,1,1539377501,0,0,NULL);
INSERT INTO "score" VALUES(28,2,1539377501,0,0,NULL);
INSERT INTO "score" VALUES(28,3,1539377501,0,0,NULL);
INSERT INTO "score" VALUES(28,4,1539377501,0,0,NULL);
INSERT INTO "score" VALUES(28,5,1539377501,0,0,NULL);
INSERT INTO "score" VALUES(28,6,1539377501,0,0,NULL);
INSERT INTO "score" VALUES(28,7,1539377501,0,0,NULL);
INSERT INTO "score" VALUES(28,8,1539377501,0,0,NULL);
INSERT INTO "score" VALUES(28,9,1539377501,0,0,NULL);
INSERT INTO "score" VALUES(28,10,1539377501,0,0,NULL);
INSERT INTO "score" VALUES(28,11,1539377501,0,0,NULL);
INSERT INTO "score" VALUES(28,12,1539377501,0,0,NULL);
INSERT INTO "score" VALUES(29,1,1539377517,0,0,NULL);
INSERT INTO "score" VALUES(29,2,1539377517,0,0,NULL);
INSERT INTO "score" VALUES(29,3,1539377517,0,0,NULL);
INSERT INTO "score" VALUES(29,4,1539377517,0,0,NULL);
INSERT INTO "score" VALUES(29,5,1539377517,0,0,NULL);
INSERT INTO "score" VALUES(29,6,1539377517,0,0,NULL);
INSERT INTO "score" VALUES(29,7,1539377517,0,0,NULL);
INSERT INTO "score" VALUES(29,8,1539377517,0,0,NULL);
INSERT INTO "score" VALUES(29,9,1539377517,0,0,NULL);
INSERT INTO "score" VALUES(29,10,1539377517,0,0,NULL);
INSERT INTO "score" VALUES(29,11,1539377517,0,0,NULL);
INSERT INTO "score" VALUES(29,12,1539377517,0,0,NULL);
INSERT INTO "score" VALUES(30,1,1539393864,0,7,NULL);
INSERT INTO "score" VALUES(30,2,1539393864,0,7,NULL);
INSERT INTO "score" VALUES(30,3,1539393864,0,6,NULL);
INSERT INTO "score" VALUES(30,4,1539393864,0,3.5,NULL);
INSERT INTO "score" VALUES(30,5,1539393864,0,7,NULL);
INSERT INTO "score" VALUES(30,6,1539393864,0,4,NULL);
INSERT INTO "score" VALUES(30,7,1539393864,0,3.5,NULL);
INSERT INTO "score" VALUES(30,8,1539393864,0,9,NULL);
INSERT INTO "score" VALUES(30,9,1539393864,0,0,NULL);
INSERT INTO "score" VALUES(30,10,1539393864,0,5,NULL);
INSERT INTO "score" VALUES(30,11,1539393864,0,7,NULL);
INSERT INTO "score" VALUES(30,12,1539393864,0,7,NULL);
INSERT INTO "score" VALUES(31,1,1539393867,0,6.5,NULL);
INSERT INTO "score" VALUES(31,2,1539393867,0,6,NULL);
INSERT INTO "score" VALUES(31,3,1539393867,0,5.5,NULL);
INSERT INTO "score" VALUES(31,4,1539393867,0,5,NULL);
INSERT INTO "score" VALUES(31,5,1539393867,0,6,NULL);
INSERT INTO "score" VALUES(31,6,1539393867,0,4,NULL);
INSERT INTO "score" VALUES(31,7,1539393867,0,4,NULL);
INSERT INTO "score" VALUES(31,8,1539393867,0,7.5,NULL);
INSERT INTO "score" VALUES(31,9,1539393867,0,0,NULL);
INSERT INTO "score" VALUES(31,10,1539393867,0,6,NULL);
INSERT INTO "score" VALUES(31,11,1539393867,0,6,NULL);
INSERT INTO "score" VALUES(31,12,1539393867,0,7,NULL);
INSERT INTO "score" VALUES(32,1,1539394023,0,7,NULL);
INSERT INTO "score" VALUES(32,2,1539394023,0,7.5,NULL);
INSERT INTO "score" VALUES(32,3,1539394023,0,8,NULL);
INSERT INTO "score" VALUES(32,4,1539394023,0,5.5,NULL);
INSERT INTO "score" VALUES(32,5,1539394023,0,7.5,NULL);
INSERT INTO "score" VALUES(32,6,1539394023,0,3,NULL);
INSERT INTO "score" VALUES(32,7,1539394023,0,4,NULL);
INSERT INTO "score" VALUES(32,8,1539394023,0,8,NULL);
INSERT INTO "score" VALUES(32,9,1539394023,0,0,NULL);
INSERT INTO "score" VALUES(32,10,1539394023,0,0,NULL);
INSERT INTO "score" VALUES(32,11,1539394023,0,6,NULL);
INSERT INTO "score" VALUES(32,12,1539394023,0,7,NULL);
INSERT INTO "score" VALUES(33,1,1539394026,0,7,NULL);
INSERT INTO "score" VALUES(33,2,1539394026,0,7,NULL);
INSERT INTO "score" VALUES(33,3,1539394026,0,7,NULL);
INSERT INTO "score" VALUES(33,4,1539394026,0,4,NULL);
INSERT INTO "score" VALUES(33,5,1539394026,0,0,NULL);
INSERT INTO "score" VALUES(33,6,1539394026,0,5,NULL);
INSERT INTO "score" VALUES(33,7,1539394026,0,7,NULL);
INSERT INTO "score" VALUES(33,8,1539394026,0,7,NULL);
INSERT INTO "score" VALUES(33,9,1539394026,0,5,NULL);
INSERT INTO "score" VALUES(33,10,1539394026,0,6,NULL);
INSERT INTO "score" VALUES(33,11,1539394026,0,7,NULL);
INSERT INTO "score" VALUES(33,12,1539394026,0,7,NULL);
INSERT INTO "score" VALUES(35,1,1539394115,0,0,NULL);
INSERT INTO "score" VALUES(35,2,1539394115,0,0,NULL);
INSERT INTO "score" VALUES(35,3,1539394115,0,0,NULL);
INSERT INTO "score" VALUES(35,4,1539394115,0,0,NULL);
INSERT INTO "score" VALUES(35,5,1539394115,0,0,NULL);
INSERT INTO "score" VALUES(35,6,1539394115,0,0,NULL);
INSERT INTO "score" VALUES(35,7,1539394115,0,0,NULL);
INSERT INTO "score" VALUES(35,8,1539394115,0,0,NULL);
INSERT INTO "score" VALUES(35,9,1539394115,0,0,NULL);
INSERT INTO "score" VALUES(35,10,1539394115,0,0,NULL);
INSERT INTO "score" VALUES(35,11,1539394115,0,0,NULL);
INSERT INTO "score" VALUES(35,12,1539394115,0,0,NULL);
INSERT INTO "score" VALUES(34,1,1539394118,0,0,NULL);
INSERT INTO "score" VALUES(34,2,1539394118,0,0,NULL);
INSERT INTO "score" VALUES(34,3,1539394118,0,0,NULL);
INSERT INTO "score" VALUES(34,4,1539394118,0,0,NULL);
INSERT INTO "score" VALUES(34,5,1539394118,0,0,NULL);
INSERT INTO "score" VALUES(34,6,1539394118,0,0,NULL);
INSERT INTO "score" VALUES(34,7,1539394118,0,0,NULL);
INSERT INTO "score" VALUES(34,8,1539394118,0,0,NULL);
INSERT INTO "score" VALUES(34,9,1539394118,0,0,NULL);
INSERT INTO "score" VALUES(34,10,1539394118,0,0,NULL);
INSERT INTO "score" VALUES(34,11,1539394118,0,0,NULL);
INSERT INTO "score" VALUES(34,12,1539394118,0,0,NULL);
INSERT INTO "score" VALUES(37,1,1539397203,0,7,NULL);
INSERT INTO "score" VALUES(37,2,1539397203,0,5,NULL);
INSERT INTO "score" VALUES(37,3,1539397203,0,5,NULL);
INSERT INTO "score" VALUES(37,4,1539397203,0,6.5,NULL);
INSERT INTO "score" VALUES(37,5,1539397203,0,6,NULL);
INSERT INTO "score" VALUES(37,6,1539397203,0,2,NULL);
INSERT INTO "score" VALUES(37,7,1539397203,0,4,NULL);
INSERT INTO "score" VALUES(37,8,1539397203,0,0,NULL);
INSERT INTO "score" VALUES(37,9,1539397203,0,6,NULL);
INSERT INTO "score" VALUES(37,10,1539397203,0,0,NULL);
INSERT INTO "score" VALUES(37,11,1539397203,0,5,NULL);
INSERT INTO "score" VALUES(37,12,1539397203,0,6,NULL);
INSERT INTO "score" VALUES(36,1,1539397205,0,6.5,NULL);
INSERT INTO "score" VALUES(36,2,1539397205,0,6,NULL);
INSERT INTO "score" VALUES(36,3,1539397205,0,6,NULL);
INSERT INTO "score" VALUES(36,4,1539397205,0,5.5,NULL);
INSERT INTO "score" VALUES(36,5,1539397205,0,3.5,NULL);
INSERT INTO "score" VALUES(36,6,1539397205,0,3.5,NULL);
INSERT INTO "score" VALUES(36,7,1539397205,0,4,NULL);
INSERT INTO "score" VALUES(36,8,1539397205,0,4.5,NULL);
INSERT INTO "score" VALUES(36,9,1539397205,0,4.5,NULL);
INSERT INTO "score" VALUES(36,10,1539397205,1,0,NULL);
INSERT INTO "score" VALUES(36,11,1539397205,0,7,NULL);
INSERT INTO "score" VALUES(36,12,1539397205,0,7,NULL);
INSERT INTO "score" VALUES(39,1,1539397384,0,5.5,NULL);
INSERT INTO "score" VALUES(39,2,1539397384,0,3,NULL);
INSERT INTO "score" VALUES(39,3,1539397384,0,6.5,NULL);
INSERT INTO "score" VALUES(39,4,1539397384,0,3,NULL);
INSERT INTO "score" VALUES(39,5,1539397384,0,2.5,NULL);
INSERT INTO "score" VALUES(39,6,1539397384,0,4,NULL);
INSERT INTO "score" VALUES(39,7,1539397384,0,4,NULL);
INSERT INTO "score" VALUES(39,8,1539397384,0,NULL,NULL);
INSERT INTO "score" VALUES(39,9,1539397384,0,6,NULL);
INSERT INTO "score" VALUES(39,10,1539397384,0,3.5,NULL);
INSERT INTO "score" VALUES(39,11,1539397384,0,8,NULL);
INSERT INTO "score" VALUES(39,12,1539397384,0,6,NULL);
INSERT INTO "score" VALUES(38,1,1539397389,0,6,NULL);
INSERT INTO "score" VALUES(38,2,1539397389,0,5,NULL);
INSERT INTO "score" VALUES(38,3,1539397389,0,8,NULL);
INSERT INTO "score" VALUES(38,4,1539397389,0,6,NULL);
INSERT INTO "score" VALUES(38,5,1539397389,0,6,NULL);
INSERT INTO "score" VALUES(38,6,1539397389,0,5,NULL);
INSERT INTO "score" VALUES(38,7,1539397389,0,4,NULL);
INSERT INTO "score" VALUES(38,8,1539397389,0,5,NULL);
INSERT INTO "score" VALUES(38,9,1539397389,0,7,NULL);
INSERT INTO "score" VALUES(38,10,1539397389,0,5,NULL);
INSERT INTO "score" VALUES(38,11,1539397389,0,5,NULL);
INSERT INTO "score" VALUES(38,12,1539397389,0,6,NULL);
INSERT INTO "score" VALUES(43,1,1539397739,0,7,NULL);
INSERT INTO "score" VALUES(43,2,1539397739,0,6,NULL);
INSERT INTO "score" VALUES(43,3,1539397739,0,7,NULL);
INSERT INTO "score" VALUES(43,4,1539397739,0,8,NULL);
INSERT INTO "score" VALUES(43,5,1539397739,0,8,NULL);
INSERT INTO "score" VALUES(43,6,1539397739,0,5,NULL);
INSERT INTO "score" VALUES(43,7,1539397739,0,7,NULL);
INSERT INTO "score" VALUES(43,8,1539397739,0,5,NULL);
INSERT INTO "score" VALUES(43,9,1539397739,0,9,NULL);
INSERT INTO "score" VALUES(43,10,1539397739,0,7,NULL);
INSERT INTO "score" VALUES(43,11,1539397739,0,4,NULL);
INSERT INTO "score" VALUES(43,12,1539397739,0,7,NULL);
INSERT INTO "score" VALUES(42,1,1539397741,0,5.5,NULL);
INSERT INTO "score" VALUES(42,2,1539397741,0,6.5,NULL);
INSERT INTO "score" VALUES(42,3,1539397741,0,6.5,NULL);
INSERT INTO "score" VALUES(42,4,1539397741,0,6,NULL);
INSERT INTO "score" VALUES(42,5,1539397741,0,6,NULL);
INSERT INTO "score" VALUES(42,6,1539397741,0,6,NULL);
INSERT INTO "score" VALUES(42,7,1539397741,0,6.5,NULL);
INSERT INTO "score" VALUES(42,8,1539397741,0,7,NULL);
INSERT INTO "score" VALUES(42,9,1539397741,0,7,NULL);
INSERT INTO "score" VALUES(42,10,1539397741,0,6.5,NULL);
INSERT INTO "score" VALUES(42,11,1539397741,0,8,NULL);
INSERT INTO "score" VALUES(42,12,1539397741,0,8,NULL);
INSERT INTO "score" VALUES(41,1,1539397901,0,7,NULL);
INSERT INTO "score" VALUES(41,2,1539397901,0,8,NULL);
INSERT INTO "score" VALUES(41,3,1539397901,0,0,NULL);
INSERT INTO "score" VALUES(41,4,1539397901,0,8,NULL);
INSERT INTO "score" VALUES(41,5,1539397901,0,8,NULL);
INSERT INTO "score" VALUES(41,6,1539397901,0,7,NULL);
INSERT INTO "score" VALUES(41,7,1539397901,0,7,NULL);
INSERT INTO "score" VALUES(41,8,1539397901,0,3,NULL);
INSERT INTO "score" VALUES(41,9,1539397901,0,8,NULL);
INSERT INTO "score" VALUES(41,10,1539397901,0,7,NULL);
INSERT INTO "score" VALUES(41,11,1539397901,0,4,NULL);
INSERT INTO "score" VALUES(41,12,1539397901,0,7,NULL);
INSERT INTO "score" VALUES(40,1,1539397904,0,4.5,NULL);
INSERT INTO "score" VALUES(40,2,1539397904,0,7.5,NULL);
INSERT INTO "score" VALUES(40,3,1539397904,0,8,NULL);
INSERT INTO "score" VALUES(40,4,1539397904,0,7,NULL);
INSERT INTO "score" VALUES(40,5,1539397904,0,6.5,NULL);
INSERT INTO "score" VALUES(40,6,1539397904,0,6,NULL);
INSERT INTO "score" VALUES(40,7,1539397904,0,5.5,NULL);
INSERT INTO "score" VALUES(40,8,1539397904,0,0,NULL);
INSERT INTO "score" VALUES(40,9,1539397904,0,6.5,NULL);
INSERT INTO "score" VALUES(40,10,1539397904,0,5.5,NULL);
INSERT INTO "score" VALUES(40,11,1539397904,0,8,NULL);
INSERT INTO "score" VALUES(40,12,1539397904,0,8,NULL);

INSERT INTO "sheet" VALUES(12,2,2,3,1,NULL,NULL,NULL,0,0,NULL,'U';
INSERT INTO "sheet" VALUES(13,2,2,3,2,NULL,NULL,NULL,0,0,NULL,'U');
INSERT INTO "sheet" VALUES(14,2,5,3,1,NULL,NULL,NULL,0,0,NULL,'U');
INSERT INTO "sheet" VALUES(15,2,5,3,2,NULL,NULL,NULL,0,0,NULL,'U');
INSERT INTO "sheet" VALUES(16,2,2,4,1,NULL,NULL,NULL,0,0,NULL,'U');
INSERT INTO "sheet" VALUES(17,2,2,4,2,NULL,NULL,NULL,0,0,NULL,'U');
INSERT INTO "sheet" VALUES(18,2,5,4,1,NULL,NULL,NULL,0,0,NULL,'U');
INSERT INTO "sheet" VALUES(19,2,5,4,2,NULL,NULL,NULL,0,0,NULL,'U');
INSERT INTO "sheet" VALUES(20,2,2,8,2,NULL,NULL,NULL,0,0,NULL,'U');
INSERT INTO "sheet" VALUES(21,2,2,8,1,NULL,NULL,NULL,0,0,NULL,'U');
INSERT INTO "sheet" VALUES(22,2,5,8,1,NULL,NULL,NULL,0,0,NULL,'U');
INSERT INTO "sheet" VALUES(23,2,5,8,2,NULL,NULL,NULL,0,0,NULL,'U');
INSERT INTO "sheet" VALUES(24,5,8,3,1,NULL,NULL,NULL,0,0,NULL,'U');
INSERT INTO "sheet" VALUES(25,5,8,3,2,NULL,NULL,NULL,0,0,NULL,'U');
INSERT INTO "sheet" VALUES(26,5,8,4,1,NULL,NULL,NULL,0,0,NULL,'U');
INSERT INTO "sheet" VALUES(27,5,8,4,2,NULL,NULL,NULL,0,0,NULL,'U');
INSERT INTO "sheet" VALUES(28,5,8,8,1,NULL,NULL,NULL,0,0,NULL,'U');
INSERT INTO "sheet" VALUES(29,5,8,8,2,NULL,NULL,NULL,0,0,NULL,'U');
INSERT INTO "sheet" VALUES(30,8,11,3,1,NULL,NULL,NULL,0,0,NULL,'U');
INSERT INTO "sheet" VALUES(31,8,11,3,2,NULL,NULL,NULL,0,0,NULL,'U');
INSERT INTO "sheet" VALUES(32,8,11,4,1,NULL,NULL,NULL,0,0,NULL,'U');
INSERT INTO "sheet" VALUES(33,8,11,4,2,NULL,NULL,NULL,0,0,NULL,'U');
INSERT INTO "sheet" VALUES(34,8,11,8,1,NULL,NULL,NULL,0,0,NULL,'U');
INSERT INTO "sheet" VALUES(35,8,11,8,2,NULL,NULL,NULL,0,0,NULL,'U');
INSERT INTO "sheet" VALUES(36,10,19,7,2,NULL,NULL,NULL,0,0,NULL,'U');
INSERT INTO "sheet" VALUES(37,10,19,7,1,NULL,NULL,NULL,0,0,NULL,'U');
INSERT INTO "sheet" VALUES(38,10,20,7,1,NULL,NULL,NULL,0,0,NULL,'U');
INSERT INTO "sheet" VALUES(39,10,20,7,2,NULL,NULL,NULL,0,0,NULL,'U');
INSERT INTO "sheet" VALUES(40,10,19,9,1,NULL,NULL,NULL,0,0,NULL,'U');
INSERT INTO "sheet" VALUES(41,10,19,9,2,NULL,NULL,NULL,0,0,NULL,'U');
INSERT INTO "sheet" VALUES(42,10,20,9,1,NULL,NULL,NULL,0,0,NULL,'U');
INSERT INTO "sheet" VALUES(43,10,20,9,2,NULL,NULL,NULL,0,0,NULL,'U');

COMMIT;
